STUDBME1,STUDBME2,STUDBME3,CMP-lab1,CMP_LAB1,Sbme-Staff,CUFE,bdawy,CIVil-2022,Location
-72.0,-54.0,-100.0,-100.0,-100.0,-100.0,-100.0,-100.0,-83.0,class0
-62.0,-100.0,-100.0,-72.0,-65.0,-100.0,-56.0,-87.0,-100.0,class0
-59.0,-59.0,-81.0,-100.0,-100.0,-100.0,-55.0,-100.0,-100.0,class0
-66.0,-56.0,-100.0,-100.0,-51.0,-100.0,-53.0,-100.0,-82.0,class0
-64.0,-100.0,-100.0,-100.0,-52.0,-100.0,-55.0,-100.0,-78.0,class0
-65.0,-56.0,-78.0,-71.0,-100.0,-100.0,-56.0,-100.0,-76.0,class0
-100.0,-61.0,-100.0,-100.0,-55.0,-100.0,-51.0,-100.0,-100.0,class0
-100.0,-100.0,-100.0,-79.0,-52.0,-100.0,-57.0,-87.0,-100.0,class0
-62.0,-100.0,-100.0,-80.0,-51.0,-100.0,-62.0,-100.0,-100.0,class0
-70.0,-64.0,-100.0,-78.0,-58.0,-100.0,-55.0,-100.0,-100.0,class0
-100.0,-100.0,-100.0,-100.0,-57.0,-100.0,-59.0,-87.0,-89.0,class0
-73.0,-52.0,-100.0,-100.0,-53.0,-100.0,-100.0,-100.0,-85.0,class0
-73.0,-62.0,-100.0,-100.0,-58.0,-100.0,-56.0,-100.0,-100.0,class0
-70.0,-100.0,-100.0,-100.0,-53.0,-100.0,-62.0,-88.0,-100.0,class0
-100.0,-63.0,-100.0,-100.0,-55.0,-100.0,-63.0,-100.0,-82.0,class0
-73.0,-66.0,-100.0,-79.0,-100.0,-100.0,-60.0,-100.0,-100.0,class0
-68.0,-55.0,-100.0,-100.0,-54.0,-100.0,-60.0,-100.0,-100.0,class0
-70.0,-100.0,-81.0,-100.0,-57.0,-100.0,-100.0,-100.0,-100.0,class0
-71.0,-54.0,-100.0,-100.0,-56.0,-100.0,-56.0,-89.0,-100.0,class0
-76.0,-59.0,-100.0,-100.0,-61.0,-100.0,-56.0,-86.0,-100.0,class0
-61.0,-61.0,-80.0,-82.0,-52.0,-100.0,-55.0,-100.0,-100.0,class0
-100.0,-42.0,-81.0,-75.0,-43.0,-100.0,-52.0,-100.0,-100.0,class0
-63.0,-100.0,-76.0,-100.0,-51.0,-100.0,-53.0,-100.0,-100.0,class0
-67.0,-58.0,-100.0,-100.0,-52.0,-100.0,-54.0,-100.0,-100.0,class0
-70.0,-59.0,-100.0,-100.0,-52.0,-100.0,-54.0,-100.0,-100.0,class0
-69.0,-61.0,-100.0,-100.0,-40.0,-100.0,-50.0,-86.0,-100.0,class0
-74.0,-54.0,-100.0,-100.0,-53.0,-100.0,-54.0,-100.0,-100.0,class0
-69.0,-58.0,-79.0,-100.0,-41.0,-100.0,-55.0,-100.0,-100.0,class0
-68.0,-55.0,-76.0,-78.0,-48.0,-100.0,-57.0,-89.0,-100.0,class0
-71.0,-52.0,-100.0,-100.0,-100.0,-100.0,-42.0,-90.0,-84.0,class0
-59.0,-57.0,-100.0,-100.0,-33.0,-100.0,-51.0,-100.0,-81.0,class0
-66.0,-100.0,-76.0,-100.0,-27.0,-100.0,-45.0,-100.0,-100.0,class0
-71.0,-57.0,-81.0,-68.0,-29.0,-100.0,-54.0,-90.0,-100.0,class0
-100.0,-54.0,-73.0,-74.0,-44.0,-100.0,-52.0,-100.0,-100.0,class0
-69.0,-57.0,-100.0,-68.0,-32.0,-100.0,-54.0,-100.0,-79.0,class0
-100.0,-54.0,-100.0,-100.0,-100.0,-100.0,-50.0,-100.0,-100.0,class0
-74.0,-100.0,-80.0,-74.0,-100.0,-100.0,-54.0,-100.0,-100.0,class0
-71.0,-54.0,-73.0,-67.0,-33.0,-100.0,-52.0,-100.0,-80.0,class0
-63.0,-57.0,-79.0,-68.0,-32.0,-100.0,-54.0,-87.0,-79.0,class0
-62.0,-56.0,-100.0,-68.0,-34.0,-100.0,-54.0,-89.0,-82.0,class0
-100.0,-54.0,-100.0,-100.0,-36.0,-100.0,-53.0,-100.0,-100.0,class0
-100.0,-100.0,-79.0,-74.0,-36.0,-100.0,-44.0,-100.0,-90.0,class0
-69.0,-100.0,-76.0,-74.0,-100.0,-100.0,-56.0,-87.0,-100.0,class0
-100.0,-100.0,-76.0,-100.0,-100.0,-100.0,-56.0,-89.0,-100.0,class0
-75.0,-55.0,-79.0,-73.0,-29.0,-100.0,-59.0,-89.0,-83.0,class0
-76.0,-54.0,-84.0,-100.0,-31.0,-100.0,-62.0,-94.0,-100.0,class0
-75.0,-55.0,-100.0,-67.0,-29.0,-100.0,-62.0,-100.0,-100.0,class0
-68.0,-58.0,-100.0,-100.0,-24.0,-100.0,-58.0,-100.0,-100.0,class0
-70.0,-60.0,-72.0,-100.0,-24.0,-100.0,-62.0,-92.0,-100.0,class0
-100.0,-56.0,-100.0,-76.0,-29.0,-100.0,-57.0,-85.0,-100.0,class0
-62.0,-54.0,-80.0,-70.0,-26.0,-100.0,-56.0,-100.0,-100.0,class0
-100.0,-54.0,-100.0,-100.0,-23.0,-100.0,-62.0,-100.0,-100.0,class0
-65.0,-55.0,-72.0,-71.0,-26.0,-100.0,-58.0,-100.0,-100.0,class0
-100.0,-100.0,-71.0,-100.0,-25.0,-100.0,-59.0,-100.0,-100.0,class0
-54.0,-55.0,-100.0,-70.0,-75.0,-100.0,-60.0,-100.0,-100.0,class0
-77.0,-62.0,-100.0,-75.0,-49.0,-100.0,-51.0,-100.0,-100.0,class0
-100.0,-60.0,-100.0,-79.0,-52.0,-100.0,-55.0,-100.0,-100.0,class0
-100.0,-64.0,-73.0,-100.0,-100.0,-100.0,-55.0,-100.0,-100.0,class0
-66.0,-57.0,-100.0,-100.0,-100.0,-100.0,-55.0,-87.0,-100.0,class0
-100.0,-56.0,-100.0,-76.0,-51.0,-100.0,-58.0,-100.0,-100.0,class0
-100.0,-55.0,-100.0,-71.0,-49.0,-100.0,-55.0,-100.0,-100.0,class0
-100.0,-54.0,-100.0,-73.0,-100.0,-100.0,-58.0,-87.0,-100.0,class0
-70.0,-52.0,-100.0,-74.0,-46.0,-100.0,-53.0,-77.0,-100.0,class0
-67.0,-56.0,-100.0,-73.0,-51.0,-100.0,-54.0,-100.0,-100.0,class0
-63.0,-53.0,-100.0,-71.0,-100.0,-100.0,-52.0,-100.0,-100.0,class0
-100.0,-54.0,-100.0,-73.0,-42.0,-100.0,-52.0,-89.0,-100.0,class0
-100.0,-57.0,-100.0,-69.0,-53.0,-100.0,-53.0,-100.0,-80.0,class0
-62.0,-54.0,-100.0,-73.0,-51.0,-100.0,-55.0,-100.0,-100.0,class0
-58.0,-45.0,-100.0,-76.0,-53.0,-100.0,-54.0,-87.0,-100.0,class0
-60.0,-54.0,-100.0,-100.0,-40.0,-100.0,-58.0,-100.0,-100.0,class0
-57.0,-60.0,-100.0,-100.0,-51.0,-100.0,-55.0,-100.0,-100.0,class0
-100.0,-100.0,-100.0,-100.0,-100.0,-100.0,-53.0,-85.0,-100.0,class0
-100.0,-48.0,-100.0,-100.0,-54.0,-100.0,-53.0,-90.0,-100.0,class0
-100.0,-48.0,-81.0,-100.0,-100.0,-100.0,-52.0,-89.0,-100.0,class0
-100.0,-61.0,-100.0,-100.0,-56.0,-100.0,-53.0,-88.0,-100.0,class0
-100.0,-58.0,-77.0,-100.0,-50.0,-100.0,-55.0,-100.0,-100.0,class0
-100.0,-56.0,-100.0,-71.0,-51.0,-100.0,-54.0,-83.0,-79.0,class0
-63.0,-100.0,-74.0,-100.0,-100.0,-100.0,-57.0,-89.0,-100.0,class0
-100.0,-53.0,-81.0,-76.0,-40.0,-100.0,-54.0,-100.0,-100.0,class0
-42.0,-100.0,-100.0,-100.0,-50.0,-100.0,-60.0,-84.0,-100.0,class0
-48.0,-59.0,-100.0,-75.0,-42.0,-100.0,-57.0,-100.0,-100.0,class0
-69.0,-55.0,-74.0,-100.0,-35.0,-100.0,-54.0,-100.0,-100.0,class0
-100.0,-49.0,-100.0,-72.0,-100.0,-100.0,-100.0,-81.0,-100.0,class1
-59.0,-54.0,-100.0,-100.0,-52.0,-100.0,-69.0,-77.0,-100.0,class1
-71.0,-54.0,-100.0,-72.0,-49.0,-100.0,-69.0,-81.0,-100.0,class1
-66.0,-43.0,-100.0,-73.0,-62.0,-100.0,-67.0,-74.0,-100.0,class1
-100.0,-41.0,-100.0,-70.0,-54.0,-100.0,-67.0,-71.0,-100.0,class1
-100.0,-46.0,-100.0,-65.0,-60.0,-100.0,-72.0,-79.0,-100.0,class1
-57.0,-47.0,-100.0,-70.0,-52.0,-100.0,-69.0,-77.0,-76.0,class1
-100.0,-46.0,-100.0,-68.0,-57.0,-100.0,-64.0,-74.0,-100.0,class1
-58.0,-53.0,-100.0,-66.0,-100.0,-100.0,-69.0,-77.0,-100.0,class1
-54.0,-40.0,-100.0,-100.0,-100.0,-100.0,-100.0,-75.0,-100.0,class1
-100.0,-39.0,-100.0,-71.0,-63.0,-100.0,-66.0,-80.0,-100.0,class1
-100.0,-37.0,-100.0,-75.0,-58.0,-100.0,-100.0,-78.0,-100.0,class1
-64.0,-38.0,-76.0,-68.0,-59.0,-100.0,-70.0,-80.0,-74.0,class1
-61.0,-72.0,-100.0,-69.0,-100.0,-100.0,-100.0,-83.0,-100.0,class1
-100.0,-54.0,-100.0,-70.0,-57.0,-100.0,-100.0,-84.0,-100.0,class1
-100.0,-100.0,-100.0,-71.0,-100.0,-100.0,-100.0,-84.0,-76.0,class1
-77.0,-39.0,-100.0,-81.0,-65.0,-100.0,-74.0,-86.0,-74.0,class1
-69.0,-40.0,-100.0,-72.0,-67.0,-100.0,-68.0,-80.0,-72.0,class1
-68.0,-55.0,-100.0,-68.0,-58.0,-100.0,-73.0,-82.0,-72.0,class1
-61.0,-100.0,-100.0,-100.0,-100.0,-100.0,-66.0,-86.0,-71.0,class1
-59.0,-51.0,-100.0,-71.0,-55.0,-100.0,-68.0,-82.0,-100.0,class1
-71.0,-55.0,-100.0,-73.0,-53.0,-100.0,-68.0,-78.0,-100.0,class1
-68.0,-57.0,-100.0,-100.0,-51.0,-100.0,-65.0,-100.0,-100.0,class1
-100.0,-55.0,-76.0,-68.0,-50.0,-100.0,-62.0,-100.0,-100.0,class1
-65.0,-64.0,-100.0,-77.0,-55.0,-100.0,-100.0,-83.0,-100.0,class1
-71.0,-100.0,-79.0,-77.0,-50.0,-100.0,-67.0,-82.0,-79.0,class1
-68.0,-60.0,-100.0,-100.0,-46.0,-100.0,-67.0,-81.0,-100.0,class1
-74.0,-43.0,-100.0,-100.0,-55.0,-100.0,-66.0,-90.0,-100.0,class1
-69.0,-52.0,-100.0,-100.0,-49.0,-100.0,-64.0,-84.0,-100.0,class1
-62.0,-48.0,-100.0,-100.0,-53.0,-100.0,-64.0,-100.0,-100.0,class1
-100.0,-100.0,-100.0,-78.0,-51.0,-100.0,-100.0,-100.0,-100.0,class1
-65.0,-53.0,-100.0,-75.0,-43.0,-100.0,-100.0,-80.0,-100.0,class1
-100.0,-41.0,-100.0,-100.0,-53.0,-100.0,-67.0,-100.0,-100.0,class1
-60.0,-52.0,-100.0,-100.0,-53.0,-100.0,-69.0,-78.0,-100.0,class1
-100.0,-54.0,-83.0,-73.0,-57.0,-100.0,-71.0,-83.0,-100.0,class1
-61.0,-52.0,-100.0,-100.0,-54.0,-100.0,-100.0,-100.0,-100.0,class1
-62.0,-48.0,-100.0,-100.0,-49.0,-100.0,-100.0,-100.0,-100.0,class1
-58.0,-47.0,-100.0,-75.0,-100.0,-100.0,-66.0,-100.0,-100.0,class1
-65.0,-47.0,-83.0,-72.0,-53.0,-100.0,-70.0,-84.0,-100.0,class1
-100.0,-100.0,-78.0,-72.0,-49.0,-100.0,-100.0,-82.0,-100.0,class1
-72.0,-58.0,-78.0,-79.0,-55.0,-100.0,-100.0,-100.0,-100.0,class1
-66.0,-55.0,-100.0,-75.0,-50.0,-100.0,-68.0,-82.0,-100.0,class1
-60.0,-50.0,-100.0,-80.0,-50.0,-100.0,-100.0,-82.0,-100.0,class1
-71.0,-55.0,-100.0,-67.0,-100.0,-100.0,-100.0,-100.0,-100.0,class1
-63.0,-43.0,-100.0,-67.0,-56.0,-100.0,-71.0,-82.0,-78.0,class1
-66.0,-100.0,-100.0,-68.0,-68.0,-100.0,-100.0,-82.0,-100.0,class1
-64.0,-41.0,-100.0,-71.0,-57.0,-100.0,-100.0,-86.0,-100.0,class1
-100.0,-57.0,-100.0,-69.0,-100.0,-100.0,-69.0,-82.0,-73.0,class1
-58.0,-46.0,-100.0,-64.0,-69.0,-100.0,-100.0,-78.0,-100.0,class1
-60.0,-44.0,-100.0,-71.0,-57.0,-100.0,-100.0,-78.0,-100.0,class1
-60.0,-50.0,-100.0,-71.0,-100.0,-100.0,-67.0,-80.0,-100.0,class1
-58.0,-55.0,-100.0,-73.0,-71.0,-100.0,-100.0,-76.0,-72.0,class1
-57.0,-34.0,-100.0,-100.0,-60.0,-100.0,-69.0,-84.0,-100.0,class1
-67.0,-39.0,-100.0,-67.0,-100.0,-100.0,-100.0,-78.0,-100.0,class1
-71.0,-40.0,-100.0,-71.0,-63.0,-100.0,-73.0,-75.0,-75.0,class1
-100.0,-51.0,-100.0,-67.0,-60.0,-100.0,-100.0,-81.0,-100.0,class1
-55.0,-46.0,-100.0,-69.0,-59.0,-100.0,-71.0,-81.0,-78.0,class1
-58.0,-37.0,-100.0,-71.0,-60.0,-100.0,-69.0,-83.0,-100.0,class1
-100.0,-36.0,-100.0,-69.0,-62.0,-100.0,-71.0,-81.0,-77.0,class1
-100.0,-38.0,-100.0,-100.0,-66.0,-100.0,-100.0,-82.0,-100.0,class1
-72.0,-45.0,-100.0,-68.0,-100.0,-100.0,-100.0,-85.0,-100.0,class1
-67.0,-37.0,-100.0,-67.0,-60.0,-100.0,-72.0,-80.0,-73.0,class1
-100.0,-53.0,-91.0,-76.0,-61.0,-100.0,-76.0,-84.0,-100.0,class1
-100.0,-100.0,-100.0,-100.0,-62.0,-100.0,-100.0,-70.0,-100.0,class1
-59.0,-37.0,-100.0,-100.0,-63.0,-100.0,-100.0,-73.0,-100.0,class1
-62.0,-36.0,-100.0,-100.0,-61.0,-100.0,-100.0,-77.0,-100.0,class1
-100.0,-34.0,-100.0,-100.0,-67.0,-100.0,-74.0,-75.0,-100.0,class1
-100.0,-38.0,-100.0,-100.0,-61.0,-100.0,-73.0,-75.0,-100.0,class1
-100.0,-36.0,-100.0,-100.0,-67.0,-100.0,-100.0,-100.0,-72.0,class1
-100.0,-37.0,-100.0,-74.0,-66.0,-100.0,-71.0,-78.0,-73.0,class1
-60.0,-38.0,-100.0,-71.0,-60.0,-100.0,-100.0,-73.0,-100.0,class1
-65.0,-35.0,-100.0,-73.0,-59.0,-100.0,-72.0,-78.0,-100.0,class1
-100.0,-35.0,-100.0,-100.0,-66.0,-100.0,-72.0,-78.0,-100.0,class1
-72.0,-33.0,-100.0,-66.0,-66.0,-100.0,-100.0,-100.0,-100.0,class1
-64.0,-24.0,-100.0,-64.0,-63.0,-100.0,-70.0,-73.0,-100.0,class1
-100.0,-38.0,-100.0,-100.0,-64.0,-100.0,-100.0,-77.0,-71.0,class1
-61.0,-36.0,-100.0,-61.0,-67.0,-100.0,-100.0,-75.0,-70.0,class1
-100.0,-100.0,-100.0,-100.0,-70.0,-100.0,-76.0,-100.0,-70.0,class1
-61.0,-47.0,-100.0,-70.0,-100.0,-100.0,-100.0,-100.0,-100.0,class2
-100.0,-100.0,-100.0,-64.0,-100.0,-100.0,-100.0,-100.0,-64.0,class2
-100.0,-41.0,-100.0,-64.0,-68.0,-100.0,-100.0,-100.0,-65.0,class2
-100.0,-100.0,-100.0,-68.0,-69.0,-100.0,-100.0,-100.0,-64.0,class2
-60.0,-37.0,-100.0,-61.0,-66.0,-100.0,-100.0,-79.0,-67.0,class2
-60.0,-100.0,-100.0,-59.0,-68.0,-100.0,-75.0,-73.0,-100.0,class2
-60.0,-37.0,-100.0,-57.0,-100.0,-100.0,-100.0,-78.0,-66.0,class2
-61.0,-41.0,-100.0,-57.0,-100.0,-100.0,-100.0,-76.0,-100.0,class2
-62.0,-39.0,-100.0,-61.0,-65.0,-100.0,-100.0,-79.0,-65.0,class2
-54.0,-36.0,-100.0,-62.0,-100.0,-100.0,-82.0,-83.0,-100.0,class2
-68.0,-100.0,-100.0,-66.0,-100.0,-100.0,-100.0,-81.0,-100.0,class2
-54.0,-100.0,-100.0,-66.0,-100.0,-100.0,-77.0,-84.0,-71.0,class2
-100.0,-44.0,-100.0,-61.0,-72.0,-100.0,-100.0,-80.0,-69.0,class2
-58.0,-100.0,-100.0,-66.0,-64.0,-100.0,-75.0,-79.0,-61.0,class2
-57.0,-48.0,-100.0,-70.0,-100.0,-100.0,-100.0,-83.0,-68.0,class2
-55.0,-45.0,-100.0,-66.0,-100.0,-100.0,-100.0,-79.0,-63.0,class2
-53.0,-45.0,-100.0,-67.0,-62.0,-100.0,-77.0,-81.0,-71.0,class2
-53.0,-42.0,-100.0,-61.0,-68.0,-100.0,-79.0,-100.0,-67.0,class2
-54.0,-49.0,-100.0,-100.0,-100.0,-100.0,-76.0,-78.0,-70.0,class2
-59.0,-42.0,-100.0,-66.0,-66.0,-100.0,-100.0,-80.0,-100.0,class2
-56.0,-42.0,-100.0,-100.0,-64.0,-100.0,-100.0,-100.0,-100.0,class2
-54.0,-50.0,-100.0,-100.0,-100.0,-100.0,-100.0,-84.0,-100.0,class2
-56.0,-100.0,-100.0,-67.0,-69.0,-100.0,-100.0,-81.0,-66.0,class2
-56.0,-45.0,-100.0,-66.0,-71.0,-100.0,-82.0,-100.0,-69.0,class2
-65.0,-51.0,-100.0,-100.0,-69.0,-100.0,-75.0,-94.0,-66.0,class2
-62.0,-51.0,-100.0,-56.0,-68.0,-100.0,-100.0,-80.0,-100.0,class2
-60.0,-42.0,-100.0,-100.0,-100.0,-100.0,-100.0,-84.0,-69.0,class2
-65.0,-55.0,-100.0,-58.0,-100.0,-100.0,-78.0,-86.0,-100.0,class2
-64.0,-56.0,-100.0,-62.0,-100.0,-100.0,-100.0,-100.0,-67.0,class2
-100.0,-53.0,-100.0,-100.0,-73.0,-100.0,-100.0,-79.0,-100.0,class2
-58.0,-51.0,-100.0,-63.0,-100.0,-100.0,-79.0,-84.0,-100.0,class2
-63.0,-53.0,-100.0,-62.0,-100.0,-100.0,-76.0,-81.0,-62.0,class2
-63.0,-51.0,-100.0,-100.0,-100.0,-100.0,-79.0,-92.0,-65.0,class2
-59.0,-59.0,-100.0,-100.0,-100.0,-100.0,-100.0,-86.0,-100.0,class2
-100.0,-51.0,-100.0,-70.0,-100.0,-100.0,-100.0,-87.0,-70.0,class2
-59.0,-57.0,-100.0,-100.0,-100.0,-100.0,-100.0,-89.0,-100.0,class2
-57.0,-50.0,-100.0,-77.0,-68.0,-100.0,-77.0,-88.0,-77.0,class2
-55.0,-51.0,-100.0,-64.0,-100.0,-100.0,-100.0,-87.0,-73.0,class2
-55.0,-51.0,-100.0,-68.0,-72.0,-100.0,-78.0,-85.0,-70.0,class2
-53.0,-50.0,-100.0,-100.0,-65.0,-100.0,-100.0,-81.0,-100.0,class2
-55.0,-42.0,-100.0,-63.0,-65.0,-100.0,-73.0,-89.0,-100.0,class2
-59.0,-58.0,-100.0,-65.0,-67.0,-100.0,-76.0,-87.0,-100.0,class2
-56.0,-59.0,-100.0,-100.0,-70.0,-100.0,-100.0,-86.0,-100.0,class2
-55.0,-51.0,-100.0,-100.0,-67.0,-100.0,-100.0,-89.0,-73.0,class2
-52.0,-57.0,-100.0,-66.0,-72.0,-100.0,-100.0,-100.0,-69.0,class2
-66.0,-55.0,-100.0,-65.0,-69.0,-100.0,-100.0,-84.0,-63.0,class2
-59.0,-51.0,-100.0,-100.0,-69.0,-100.0,-80.0,-100.0,-70.0,class2
-53.0,-54.0,-100.0,-100.0,-63.0,-100.0,-100.0,-100.0,-70.0,class2
-35.0,-48.0,-100.0,-100.0,-100.0,-100.0,-100.0,-89.0,-100.0,class2
-57.0,-49.0,-100.0,-100.0,-69.0,-100.0,-78.0,-85.0,-70.0,class2
-58.0,-56.0,-100.0,-68.0,-68.0,-100.0,-100.0,-100.0,-74.0,class2
-61.0,-52.0,-100.0,-100.0,-66.0,-100.0,-100.0,-89.0,-71.0,class2
-57.0,-42.0,-100.0,-74.0,-100.0,-88.0,-100.0,-100.0,-100.0,class2
-63.0,-49.0,-100.0,-68.0,-100.0,-100.0,-100.0,-86.0,-76.0,class2
-57.0,-45.0,-100.0,-100.0,-68.0,-100.0,-75.0,-86.0,-100.0,class2
-59.0,-52.0,-100.0,-65.0,-68.0,-100.0,-100.0,-100.0,-100.0,class2
-59.0,-50.0,-100.0,-76.0,-100.0,-100.0,-100.0,-89.0,-78.0,class2
-100.0,-52.0,-100.0,-100.0,-74.0,-100.0,-100.0,-86.0,-71.0,class2
-64.0,-49.0,-100.0,-71.0,-100.0,-100.0,-74.0,-86.0,-74.0,class2
-64.0,-41.0,-100.0,-71.0,-69.0,-100.0,-100.0,-86.0,-100.0,class2
-51.0,-52.0,-100.0,-100.0,-74.0,-100.0,-100.0,-86.0,-100.0,class2
-64.0,-51.0,-95.0,-100.0,-100.0,-100.0,-100.0,-89.0,-100.0,class2
-46.0,-100.0,-100.0,-71.0,-70.0,-100.0,-100.0,-93.0,-100.0,class2
-65.0,-100.0,-100.0,-72.0,-100.0,-100.0,-78.0,-86.0,-100.0,class2
-100.0,-64.0,-100.0,-100.0,-67.0,-100.0,-100.0,-87.0,-100.0,class2
-100.0,-39.0,-100.0,-62.0,-66.0,-100.0,-100.0,-87.0,-68.0,class2
-100.0,-37.0,-100.0,-61.0,-59.0,-100.0,-77.0,-77.0,-100.0,class2
-59.0,-36.0,-100.0,-62.0,-67.0,-100.0,-72.0,-83.0,-100.0,class2
-60.0,-35.0,-100.0,-60.0,-66.0,-100.0,-100.0,-87.0,-68.0,class2
-69.0,-41.0,-100.0,-60.0,-65.0,-100.0,-100.0,-77.0,-62.0,class2
-67.0,-39.0,-100.0,-62.0,-100.0,-100.0,-100.0,-78.0,-70.0,class2
-64.0,-39.0,-100.0,-66.0,-71.0,-100.0,-100.0,-100.0,-67.0,class2
-100.0,-37.0,-100.0,-60.0,-65.0,-100.0,-79.0,-82.0,-64.0,class2
-100.0,-41.0,-100.0,-65.0,-100.0,-100.0,-100.0,-84.0,-66.0,class2
-69.0,-100.0,-100.0,-62.0,-100.0,-100.0,-100.0,-81.0,-69.0,class2
-100.0,-75.0,-100.0,-100.0,-100.0,-100.0,-100.0,-100.0,-100.0,class3
-37.0,-76.0,-100.0,-100.0,-100.0,-100.0,-100.0,-100.0,-100.0,class3
-34.0,-76.0,-100.0,-100.0,-83.0,-100.0,-100.0,-100.0,-100.0,class3
-39.0,-76.0,-100.0,-100.0,-100.0,-100.0,-100.0,-100.0,-100.0,class3
-38.0,-67.0,-100.0,-100.0,-100.0,-100.0,-100.0,-100.0,-100.0,class3
-35.0,-69.0,-100.0,-100.0,-100.0,-86.0,-100.0,-100.0,-100.0,class3
-38.0,-69.0,-100.0,-100.0,-100.0,-100.0,-100.0,-100.0,-100.0,class3
-42.0,-62.0,-100.0,-100.0,-100.0,-100.0,-84.0,-100.0,-100.0,class3
-56.0,-70.0,-100.0,-100.0,-100.0,-100.0,-100.0,-100.0,-100.0,class3
-57.0,-75.0,-100.0,-100.0,-100.0,-100.0,-88.0,-100.0,-100.0,class3
-39.0,-71.0,-100.0,-100.0,-80.0,-88.0,-100.0,-100.0,-100.0,class3
-100.0,-70.0,-100.0,-100.0,-100.0,-100.0,-86.0,-100.0,-84.0,class3
-35.0,-69.0,-100.0,-86.0,-77.0,-100.0,-88.0,-100.0,-87.0,class3
-41.0,-68.0,-100.0,-100.0,-100.0,-87.0,-100.0,-100.0,-100.0,class3
-49.0,-67.0,-100.0,-100.0,-76.0,-86.0,-100.0,-100.0,-100.0,class3
-43.0,-73.0,-100.0,-100.0,-100.0,-81.0,-100.0,-100.0,-100.0,class3
-32.0,-63.0,-100.0,-100.0,-100.0,-80.0,-100.0,-100.0,-100.0,class3
-34.0,-62.0,-100.0,-100.0,-82.0,-82.0,-100.0,-100.0,-100.0,class3
-28.0,-69.0,-100.0,-100.0,-100.0,-100.0,-100.0,-100.0,-100.0,class3
-34.0,-66.0,-100.0,-100.0,-86.0,-100.0,-100.0,-100.0,-100.0,class3
-39.0,-67.0,-100.0,-100.0,-100.0,-77.0,-100.0,-100.0,-100.0,class3
-37.0,-67.0,-100.0,-100.0,-100.0,-100.0,-100.0,-100.0,-100.0,class3
-36.0,-68.0,-100.0,-100.0,-78.0,-81.0,-100.0,-100.0,-100.0,class3
-37.0,-68.0,-100.0,-86.0,-100.0,-80.0,-100.0,-100.0,-100.0,class3
-43.0,-72.0,-100.0,-88.0,-81.0,-76.0,-89.0,-100.0,-100.0,class3
-26.0,-73.0,-100.0,-100.0,-81.0,-84.0,-100.0,-100.0,-100.0,class3
-22.0,-65.0,-100.0,-91.0,-100.0,-72.0,-100.0,-100.0,-100.0,class3
-15.0,-69.0,-100.0,-100.0,-77.0,-75.0,-100.0,-100.0,-100.0,class3
-21.0,-64.0,-100.0,-100.0,-100.0,-78.0,-100.0,-100.0,-100.0,class3
-100.0,-100.0,-100.0,-100.0,-82.0,-100.0,-100.0,-100.0,-100.0,class3
-17.0,-70.0,-100.0,-100.0,-100.0,-76.0,-100.0,-100.0,-100.0,class3
-13.0,-69.0,-100.0,-100.0,-100.0,-78.0,-100.0,-100.0,-100.0,class3
-18.0,-70.0,-100.0,-100.0,-100.0,-76.0,-100.0,-100.0,-100.0,class3
-13.0,-69.0,-100.0,-100.0,-100.0,-82.0,-100.0,-100.0,-100.0,class3
-19.0,-68.0,-100.0,-100.0,-100.0,-80.0,-100.0,-100.0,-100.0,class3
-20.0,-66.0,-100.0,-100.0,-80.0,-83.0,-100.0,-100.0,-100.0,class3
-40.0,-73.0,-100.0,-100.0,-100.0,-100.0,-100.0,-100.0,-100.0,class3
-20.0,-73.0,-100.0,-90.0,-100.0,-100.0,-91.0,-100.0,-100.0,class3
-40.0,-69.0,-100.0,-100.0,-89.0,-76.0,-100.0,-100.0,-100.0,class3
-23.0,-67.0,-100.0,-100.0,-100.0,-100.0,-100.0,-100.0,-100.0,class3
-19.0,-64.0,-100.0,-100.0,-81.0,-84.0,-100.0,-100.0,-100.0,class3
-30.0,-65.0,-100.0,-100.0,-100.0,-74.0,-100.0,-100.0,-100.0,class3
-100.0,-72.0,-100.0,-100.0,-85.0,-100.0,-100.0,-100.0,-100.0,class3
-17.0,-70.0,-100.0,-100.0,-100.0,-76.0,-91.0,-100.0,-100.0,class3
-36.0,-71.0,-100.0,-100.0,-100.0,-70.0,-88.0,-100.0,-100.0,class3
-33.0,-67.0,-100.0,-100.0,-80.0,-76.0,-100.0,-100.0,-100.0,class3
-27.0,-66.0,-100.0,-100.0,-100.0,-78.0,-100.0,-100.0,-100.0,class3
-28.0,-62.0,-100.0,-100.0,-100.0,-81.0,-100.0,-100.0,-100.0,class3
-100.0,-63.0,-100.0,-100.0,-100.0,-79.0,-100.0,-100.0,-100.0,class3
-100.0,-67.0,-100.0,-100.0,-100.0,-84.0,-100.0,-100.0,-100.0,class3
-21.0,-68.0,-100.0,-100.0,-100.0,-78.0,-100.0,-100.0,-100.0,class3
-100.0,-69.0,-100.0,-100.0,-100.0,-100.0,-100.0,-100.0,-100.0,class3
-18.0,-68.0,-100.0,-100.0,-100.0,-75.0,-100.0,-100.0,-100.0,class3
-32.0,-64.0,-100.0,-100.0,-100.0,-100.0,-100.0,-100.0,-100.0,class3
-34.0,-67.0,-100.0,-100.0,-100.0,-100.0,-100.0,-100.0,-100.0,class3
-27.0,-68.0,-100.0,-100.0,-100.0,-80.0,-100.0,-100.0,-100.0,class3
-30.0,-70.0,-100.0,-100.0,-84.0,-78.0,-100.0,-100.0,-100.0,class3
-15.0,-64.0,-100.0,-100.0,-87.0,-100.0,-100.0,-100.0,-100.0,class3
-31.0,-74.0,-100.0,-100.0,-100.0,-100.0,-100.0,-100.0,-100.0,class3
-28.0,-62.0,-100.0,-100.0,-100.0,-82.0,-100.0,-100.0,-100.0,class3
-36.0,-75.0,-100.0,-100.0,-91.0,-85.0,-89.0,-100.0,-100.0,class3
-38.0,-72.0,-100.0,-91.0,-80.0,-83.0,-100.0,-100.0,-100.0,class3
-30.0,-71.0,-100.0,-100.0,-100.0,-88.0,-100.0,-100.0,-100.0,class3
-100.0,-67.0,-100.0,-100.0,-100.0,-86.0,-100.0,-100.0,-100.0,class3
-21.0,-71.0,-100.0,-100.0,-100.0,-100.0,-100.0,-100.0,-100.0,class3
-100.0,-70.0,-100.0,-100.0,-84.0,-100.0,-100.0,-100.0,-100.0,class3
-40.0,-63.0,-100.0,-100.0,-100.0,-100.0,-100.0,-100.0,-100.0,class3
-37.0,-64.0,-100.0,-100.0,-100.0,-85.0,-82.0,-100.0,-100.0,class3
-44.0,-65.0,-100.0,-100.0,-77.0,-100.0,-100.0,-100.0,-100.0,class3
-41.0,-66.0,-100.0,-100.0,-100.0,-100.0,-87.0,-100.0,-100.0,class3
-46.0,-73.0,-100.0,-91.0,-82.0,-100.0,-86.0,-100.0,-100.0,class3
-100.0,-67.0,-100.0,-100.0,-100.0,-87.0,-100.0,-100.0,-100.0,class3
-38.0,-70.0,-100.0,-100.0,-75.0,-86.0,-100.0,-100.0,-100.0,class3
-55.0,-65.0,-100.0,-100.0,-84.0,-100.0,-100.0,-100.0,-100.0,class3
-40.0,-67.0,-100.0,-100.0,-100.0,-100.0,-100.0,-100.0,-100.0,class3
-33.0,-66.0,-100.0,-100.0,-75.0,-100.0,-100.0,-100.0,-100.0,class3
-36.0,-67.0,-100.0,-100.0,-100.0,-100.0,-100.0,-100.0,-100.0,class3
-100.0,-66.0,-76.0,-100.0,-58.0,-100.0,-69.0,-94.0,-100.0,drtamer
-100.0,-68.0,-72.0,-81.0,-55.0,-100.0,-69.0,-100.0,-100.0,drtamer
-100.0,-69.0,-71.0,-100.0,-60.0,-100.0,-69.0,-100.0,-100.0,drtamer
-100.0,-68.0,-69.0,-100.0,-57.0,-100.0,-100.0,-100.0,-100.0,drtamer
-100.0,-71.0,-71.0,-100.0,-65.0,-100.0,-67.0,-100.0,-100.0,drtamer
-74.0,-68.0,-75.0,-100.0,-60.0,-100.0,-68.0,-100.0,-100.0,drtamer
-100.0,-66.0,-71.0,-100.0,-100.0,-100.0,-70.0,-100.0,-100.0,drtamer
-100.0,-69.0,-68.0,-100.0,-59.0,-100.0,-68.0,-88.0,-100.0,drtamer
-100.0,-64.0,-75.0,-100.0,-61.0,-100.0,-69.0,-92.0,-100.0,drtamer
-71.0,-66.0,-73.0,-100.0,-57.0,-100.0,-70.0,-100.0,-100.0,drtamer
-73.0,-67.0,-77.0,-100.0,-65.0,-100.0,-66.0,-100.0,-100.0,drtamer
-75.0,-63.0,-73.0,-82.0,-63.0,-100.0,-70.0,-92.0,-100.0,drtamer
-100.0,-68.0,-73.0,-100.0,-100.0,-100.0,-70.0,-100.0,-100.0,drtamer
-100.0,-67.0,-75.0,-100.0,-100.0,-100.0,-100.0,-100.0,-100.0,drtamer
-100.0,-65.0,-80.0,-81.0,-56.0,-100.0,-71.0,-91.0,-100.0,drtamer
-100.0,-72.0,-77.0,-100.0,-60.0,-100.0,-100.0,-90.0,-100.0,drtamer
-78.0,-64.0,-71.0,-100.0,-60.0,-100.0,-69.0,-100.0,-100.0,drtamer
-100.0,-65.0,-74.0,-100.0,-63.0,-100.0,-100.0,-100.0,-100.0,drtamer
-100.0,-71.0,-73.0,-79.0,-55.0,-100.0,-70.0,-100.0,-85.0,drtamer
-100.0,-69.0,-70.0,-100.0,-62.0,-100.0,-68.0,-89.0,-100.0,drtamer
-100.0,-74.0,-69.0,-100.0,-60.0,-100.0,-67.0,-100.0,-100.0,drtamer
-100.0,-66.0,-67.0,-100.0,-100.0,-100.0,-100.0,-100.0,-100.0,drtamer
-100.0,-71.0,-75.0,-100.0,-64.0,-100.0,-72.0,-91.0,-100.0,drtamer
-78.0,-69.0,-70.0,-100.0,-65.0,-100.0,-66.0,-100.0,-100.0,drtamer
-100.0,-67.0,-71.0,-100.0,-100.0,-100.0,-73.0,-87.0,-100.0,drtamer
-100.0,-67.0,-67.0,-100.0,-100.0,-100.0,-72.0,-100.0,-100.0,drtamer
-100.0,-70.0,-67.0,-100.0,-65.0,-100.0,-65.0,-100.0,-100.0,drtamer
-100.0,-71.0,-69.0,-100.0,-62.0,-100.0,-100.0,-94.0,-100.0,drtamer
-100.0,-69.0,-72.0,-81.0,-100.0,-100.0,-70.0,-100.0,-100.0,drtamer
-100.0,-68.0,-69.0,-100.0,-66.0,-100.0,-100.0,-92.0,-100.0,drtamer
-100.0,-67.0,-67.0,-100.0,-62.0,-100.0,-70.0,-100.0,-100.0,drtamer
-100.0,-71.0,-72.0,-100.0,-66.0,-100.0,-73.0,-89.0,-100.0,drtamer
-100.0,-67.0,-71.0,-84.0,-100.0,-100.0,-64.0,-90.0,-100.0,drtamer
-100.0,-69.0,-72.0,-100.0,-65.0,-100.0,-67.0,-86.0,-100.0,drtamer
-100.0,-69.0,-69.0,-100.0,-100.0,-100.0,-64.0,-100.0,-100.0,drtamer
-100.0,-69.0,-71.0,-100.0,-61.0,-100.0,-65.0,-91.0,-100.0,drtamer
-100.0,-64.0,-73.0,-100.0,-66.0,-100.0,-63.0,-100.0,-100.0,drtamer
-100.0,-70.0,-76.0,-100.0,-100.0,-100.0,-64.0,-100.0,-100.0,drtamer
-100.0,-70.0,-70.0,-83.0,-100.0,-100.0,-100.0,-100.0,-100.0,drtamer
-75.0,-68.0,-68.0,-100.0,-100.0,-100.0,-69.0,-90.0,-100.0,drtamer
-100.0,-68.0,-66.0,-80.0,-100.0,-100.0,-72.0,-100.0,-100.0,drtamer
-100.0,-71.0,-75.0,-100.0,-100.0,-100.0,-73.0,-100.0,-100.0,drtamer
-100.0,-72.0,-69.0,-100.0,-100.0,-100.0,-75.0,-100.0,-100.0,drtamer
-100.0,-67.0,-70.0,-100.0,-100.0,-100.0,-69.0,-94.0,-100.0,drtamer
-100.0,-71.0,-73.0,-100.0,-100.0,-100.0,-100.0,-100.0,-100.0,drtamer
-100.0,-67.0,-74.0,-85.0,-74.0,-100.0,-68.0,-88.0,-86.0,drtamer
-100.0,-82.0,-70.0,-100.0,-100.0,-100.0,-72.0,-90.0,-100.0,drtamer
-100.0,-71.0,-70.0,-84.0,-72.0,-100.0,-70.0,-89.0,-100.0,drtamer
-100.0,-69.0,-76.0,-100.0,-68.0,-100.0,-100.0,-93.0,-100.0,drtamer
-100.0,-73.0,-78.0,-100.0,-100.0,-100.0,-71.0,-100.0,-100.0,drtamer
-100.0,-71.0,-73.0,-83.0,-100.0,-100.0,-72.0,-86.0,-100.0,drtamer
-100.0,-75.0,-77.0,-100.0,-100.0,-100.0,-73.0,-100.0,-100.0,drtamer
-100.0,-72.0,-77.0,-100.0,-100.0,-100.0,-73.0,-87.0,-100.0,drtamer
-100.0,-73.0,-76.0,-100.0,-72.0,-100.0,-69.0,-100.0,-100.0,drtamer
-100.0,-72.0,-81.0,-100.0,-100.0,-100.0,-70.0,-100.0,-100.0,drtamer
-100.0,-71.0,-69.0,-100.0,-67.0,-100.0,-72.0,-87.0,-100.0,drtamer
-100.0,-69.0,-70.0,-93.0,-70.0,-100.0,-76.0,-87.0,-100.0,drtamer
-100.0,-72.0,-71.0,-100.0,-71.0,-100.0,-73.0,-86.0,-100.0,drtamer
-100.0,-69.0,-73.0,-100.0,-100.0,-100.0,-72.0,-90.0,-100.0,drtamer
-100.0,-69.0,-73.0,-100.0,-65.0,-100.0,-100.0,-90.0,-100.0,drtamer
-100.0,-72.0,-69.0,-100.0,-62.0,-100.0,-69.0,-88.0,-100.0,drtamer
-100.0,-66.0,-64.0,-100.0,-100.0,-100.0,-69.0,-87.0,-100.0,drtamer
-100.0,-71.0,-70.0,-100.0,-100.0,-100.0,-71.0,-100.0,-100.0,drtamer
-100.0,-70.0,-72.0,-100.0,-100.0,-100.0,-65.0,-91.0,-100.0,drtamer
-100.0,-69.0,-69.0,-100.0,-67.0,-100.0,-65.0,-91.0,-100.0,drtamer
-100.0,-74.0,-70.0,-100.0,-100.0,-100.0,-66.0,-100.0,-100.0,drtamer
-80.0,-72.0,-74.0,-86.0,-100.0,-100.0,-100.0,-100.0,-87.0,drtamer
-100.0,-76.0,-72.0,-83.0,-68.0,-100.0,-72.0,-100.0,-100.0,drtamer
-100.0,-72.0,-71.0,-100.0,-100.0,-100.0,-74.0,-100.0,-100.0,drtamer
-100.0,-73.0,-65.0,-100.0,-64.0,-100.0,-100.0,-93.0,-100.0,drtamer
-87.0,-70.0,-67.0,-100.0,-63.0,-100.0,-67.0,-100.0,-100.0,drtamer
-100.0,-67.0,-73.0,-100.0,-100.0,-100.0,-66.0,-100.0,-100.0,drtamer
-86.0,-100.0,-100.0,-100.0,-100.0,-100.0,-100.0,-100.0,-100.0,slm
-81.0,-65.0,-90.0,-100.0,-77.0,-100.0,-71.0,-100.0,-100.0,slm
-82.0,-69.0,-100.0,-100.0,-100.0,-100.0,-100.0,-100.0,-100.0,slm
-100.0,-70.0,-100.0,-100.0,-75.0,-100.0,-78.0,-100.0,-100.0,slm
-100.0,-76.0,-100.0,-100.0,-75.0,-100.0,-74.0,-100.0,-100.0,slm
-100.0,-82.0,-100.0,-93.0,-100.0,-100.0,-74.0,-100.0,-100.0,slm
-92.0,-74.0,-100.0,-100.0,-79.0,-100.0,-77.0,-100.0,-100.0,slm
-100.0,-100.0,-100.0,-100.0,-72.0,-100.0,-73.0,-100.0,-100.0,slm
-83.0,-71.0,-100.0,-100.0,-100.0,-100.0,-100.0,-100.0,-100.0,slm
-100.0,-78.0,-100.0,-100.0,-100.0,-100.0,-100.0,-100.0,-100.0,slm
-84.0,-76.0,-100.0,-100.0,-100.0,-100.0,-100.0,-100.0,-100.0,slm
-100.0,-68.0,-100.0,-100.0,-100.0,-100.0,-70.0,-100.0,-100.0,slm
-100.0,-63.0,-100.0,-100.0,-73.0,-100.0,-100.0,-100.0,-100.0,slm
-100.0,-78.0,-100.0,-100.0,-77.0,-100.0,-83.0,-100.0,-100.0,slm
-100.0,-79.0,-100.0,-100.0,-100.0,-100.0,-78.0,-100.0,-100.0,slm
-84.0,-74.0,-100.0,-100.0,-100.0,-100.0,-78.0,-100.0,-100.0,slm
-84.0,-76.0,-100.0,-100.0,-100.0,-100.0,-79.0,-100.0,-100.0,slm
-100.0,-69.0,-100.0,-100.0,-100.0,-100.0,-100.0,-100.0,-100.0,slm
-80.0,-83.0,-100.0,-100.0,-100.0,-100.0,-100.0,-100.0,-100.0,slm
-100.0,-79.0,-100.0,-100.0,-87.0,-100.0,-100.0,-100.0,-100.0,slm
-100.0,-74.0,-100.0,-100.0,-100.0,-100.0,-76.0,-100.0,-100.0,slm
-92.0,-74.0,-100.0,-100.0,-100.0,-100.0,-76.0,-100.0,-100.0,slm
-81.0,-80.0,-100.0,-100.0,-100.0,-100.0,-77.0,-100.0,-100.0,slm
-79.0,-100.0,-100.0,-100.0,-100.0,-100.0,-100.0,-100.0,-100.0,slm
-100.0,-100.0,-100.0,-100.0,-78.0,-100.0,-76.0,-100.0,-100.0,slm
-100.0,-73.0,-100.0,-100.0,-76.0,-100.0,-77.0,-100.0,-100.0,slm
-100.0,-79.0,-100.0,-100.0,-100.0,-100.0,-81.0,-100.0,-100.0,slm
-100.0,-77.0,-100.0,-100.0,-73.0,-100.0,-81.0,-100.0,-100.0,slm
-100.0,-73.0,-100.0,-100.0,-100.0,-100.0,-83.0,-100.0,-100.0,slm
-100.0,-84.0,-100.0,-100.0,-79.0,-100.0,-100.0,-100.0,-100.0,slm
-100.0,-74.0,-91.0,-100.0,-74.0,-100.0,-80.0,-100.0,-100.0,slm
-100.0,-74.0,-100.0,-100.0,-100.0,-100.0,-81.0,-100.0,-100.0,slm
-100.0,-72.0,-89.0,-100.0,-100.0,-100.0,-80.0,-100.0,-100.0,slm
-100.0,-72.0,-100.0,-100.0,-74.0,-100.0,-79.0,-100.0,-100.0,slm
-89.0,-74.0,-100.0,-100.0,-74.0,-100.0,-100.0,-100.0,-100.0,slm
-77.0,-75.0,-100.0,-100.0,-100.0,-100.0,-81.0,-100.0,-100.0,slm
-100.0,-76.0,-100.0,-100.0,-100.0,-100.0,-79.0,-100.0,-100.0,slm
-100.0,-73.0,-100.0,-100.0,-100.0,-100.0,-100.0,-100.0,-100.0,slm
-100.0,-73.0,-100.0,-100.0,-100.0,-100.0,-100.0,-100.0,-100.0,slm
-100.0,-76.0,-100.0,-100.0,-82.0,-100.0,-100.0,-100.0,-100.0,slm
-83.0,-75.0,-100.0,-100.0,-76.0,-100.0,-82.0,-100.0,-100.0,slm
-100.0,-72.0,-100.0,-100.0,-76.0,-100.0,-81.0,-100.0,-100.0,slm
-100.0,-75.0,-100.0,-100.0,-83.0,-100.0,-100.0,-100.0,-100.0,slm
-100.0,-77.0,-100.0,-100.0,-100.0,-100.0,-100.0,-100.0,-100.0,slm
-100.0,-74.0,-100.0,-100.0,-100.0,-100.0,-80.0,-100.0,-100.0,slm
-85.0,-70.0,-100.0,-100.0,-84.0,-100.0,-78.0,-100.0,-100.0,slm
-88.0,-73.0,-100.0,-100.0,-77.0,-100.0,-79.0,-100.0,-100.0,slm
-81.0,-78.0,-100.0,-100.0,-100.0,-100.0,-100.0,-100.0,-100.0,slm
-82.0,-76.0,-100.0,-100.0,-79.0,-100.0,-76.0,-100.0,-100.0,slm
-100.0,-76.0,-100.0,-100.0,-100.0,-100.0,-79.0,-100.0,-100.0,slm
-100.0,-76.0,-100.0,-100.0,-100.0,-100.0,-100.0,-100.0,-100.0,slm
-87.0,-77.0,-100.0,-100.0,-100.0,-100.0,-78.0,-100.0,-100.0,slm
-90.0,-75.0,-100.0,-100.0,-72.0,-100.0,-100.0,-100.0,-100.0,slm
-91.0,-76.0,-100.0,-100.0,-75.0,-100.0,-79.0,-100.0,-100.0,slm
-100.0,-70.0,-100.0,-100.0,-73.0,-100.0,-100.0,-100.0,-100.0,slm
-100.0,-69.0,-100.0,-100.0,-100.0,-100.0,-100.0,-100.0,-100.0,slm
-82.0,-71.0,-100.0,-100.0,-80.0,-100.0,-83.0,-100.0,-100.0,slm
-100.0,-100.0,-100.0,-84.0,-100.0,-100.0,-86.0,-70.0,-100.0,lab1
-100.0,-100.0,-100.0,-100.0,-75.0,-100.0,-100.0,-72.0,-100.0,lab1
-100.0,-100.0,-100.0,-100.0,-100.0,-100.0,-100.0,-62.0,-80.0,lab1
-100.0,-100.0,-100.0,-100.0,-100.0,-100.0,-100.0,-60.0,-100.0,lab1
-100.0,-60.0,-100.0,-100.0,-100.0,-100.0,-100.0,-59.0,-100.0,lab1
-100.0,-54.0,-100.0,-100.0,-100.0,-100.0,-100.0,-59.0,-100.0,lab1
-100.0,-55.0,-100.0,-77.0,-100.0,-100.0,-100.0,-66.0,-81.0,lab1
-100.0,-54.0,-100.0,-100.0,-100.0,-100.0,-100.0,-62.0,-100.0,lab1
-100.0,-53.0,-100.0,-100.0,-100.0,-100.0,-100.0,-65.0,-100.0,lab1
-100.0,-55.0,-100.0,-75.0,-82.0,-100.0,-100.0,-60.0,-79.0,lab1
-100.0,-100.0,-100.0,-100.0,-100.0,-100.0,-100.0,-54.0,-77.0,lab1
-100.0,-100.0,-100.0,-77.0,-100.0,-100.0,-100.0,-59.0,-100.0,lab1
-100.0,-100.0,-100.0,-71.0,-81.0,-100.0,-100.0,-56.0,-100.0,lab1
-100.0,-100.0,-100.0,-80.0,-100.0,-100.0,-100.0,-60.0,-100.0,lab1
-100.0,-100.0,-100.0,-77.0,-82.0,-100.0,-100.0,-62.0,-83.0,lab1
-81.0,-100.0,-100.0,-72.0,-83.0,-100.0,-85.0,-62.0,-100.0,lab1
-100.0,-53.0,-100.0,-76.0,-100.0,-100.0,-100.0,-63.0,-100.0,lab1
-100.0,-52.0,-100.0,-74.0,-84.0,-100.0,-100.0,-61.0,-100.0,lab1
-100.0,-55.0,-100.0,-74.0,-80.0,-100.0,-100.0,-60.0,-80.0,lab1
-100.0,-51.0,-100.0,-100.0,-100.0,-100.0,-100.0,-64.0,-100.0,lab1
-100.0,-55.0,-100.0,-100.0,-100.0,-100.0,-100.0,-62.0,-79.0,lab1
-100.0,-54.0,-100.0,-100.0,-100.0,-100.0,-82.0,-56.0,-78.0,lab1
-100.0,-59.0,-100.0,-68.0,-100.0,-100.0,-100.0,-52.0,-78.0,lab1
-100.0,-55.0,-100.0,-100.0,-100.0,-100.0,-86.0,-58.0,-100.0,lab1
-100.0,-52.0,-100.0,-100.0,-100.0,-100.0,-100.0,-57.0,-100.0,lab1
-100.0,-65.0,-100.0,-74.0,-100.0,-100.0,-100.0,-58.0,-100.0,lab1
-100.0,-56.0,-100.0,-100.0,-100.0,-100.0,-100.0,-54.0,-100.0,lab1
-100.0,-54.0,-100.0,-100.0,-78.0,-100.0,-100.0,-56.0,-100.0,lab1
-100.0,-59.0,-100.0,-100.0,-85.0,-100.0,-100.0,-58.0,-100.0,lab1
-100.0,-57.0,-100.0,-69.0,-81.0,-100.0,-100.0,-56.0,-78.0,lab1
-100.0,-59.0,-100.0,-100.0,-100.0,-100.0,-87.0,-57.0,-100.0,lab1
-100.0,-58.0,-100.0,-74.0,-100.0,-100.0,-100.0,-64.0,-80.0,lab1
-100.0,-52.0,-100.0,-70.0,-100.0,-100.0,-100.0,-66.0,-79.0,lab1
-100.0,-53.0,-100.0,-71.0,-100.0,-100.0,-100.0,-62.0,-100.0,lab1
-100.0,-51.0,-100.0,-100.0,-100.0,-100.0,-83.0,-52.0,-100.0,lab1
-100.0,-72.0,-100.0,-72.0,-100.0,-100.0,-100.0,-65.0,-77.0,lab1
-100.0,-57.0,-100.0,-100.0,-100.0,-100.0,-88.0,-61.0,-100.0,lab1
-100.0,-54.0,-100.0,-100.0,-100.0,-100.0,-81.0,-58.0,-100.0,lab1
-86.0,-51.0,-100.0,-100.0,-100.0,-100.0,-84.0,-62.0,-100.0,lab1
-100.0,-62.0,-100.0,-100.0,-100.0,-100.0,-100.0,-63.0,-100.0,lab1
-100.0,-54.0,-100.0,-68.0,-100.0,-100.0,-85.0,-65.0,-74.0,lab1
-83.0,-59.0,-100.0,-73.0,-100.0,-100.0,-100.0,-70.0,-100.0,lab1
-100.0,-57.0,-100.0,-100.0,-100.0,-100.0,-100.0,-61.0,-100.0,lab1
-100.0,-60.0,-100.0,-100.0,-100.0,-100.0,-100.0,-66.0,-100.0,lab1
-100.0,-57.0,-100.0,-70.0,-100.0,-100.0,-100.0,-62.0,-100.0,lab1
-100.0,-59.0,-100.0,-100.0,-100.0,-100.0,-100.0,-70.0,-78.0,lab1
-100.0,-58.0,-100.0,-100.0,-76.0,-100.0,-85.0,-62.0,-100.0,lab1
-77.0,-55.0,-100.0,-100.0,-100.0,-100.0,-100.0,-65.0,-100.0,lab1
-100.0,-51.0,-100.0,-80.0,-100.0,-100.0,-100.0,-60.0,-100.0,lab1
-100.0,-57.0,-100.0,-78.0,-75.0,-100.0,-100.0,-59.0,-81.0,lab1
-100.0,-54.0,-100.0,-100.0,-100.0,-100.0,-100.0,-61.0,-100.0,lab1
-78.0,-55.0,-100.0,-100.0,-100.0,-100.0,-100.0,-63.0,-100.0,lab1
-100.0,-49.0,-100.0,-100.0,-100.0,-100.0,-100.0,-52.0,-100.0,lab1
-100.0,-49.0,-100.0,-71.0,-68.0,-100.0,-100.0,-60.0,-100.0,lab1
-100.0,-48.0,-100.0,-72.0,-72.0,-100.0,-100.0,-64.0,-100.0,lab1
-100.0,-54.0,-100.0,-100.0,-100.0,-100.0,-80.0,-63.0,-100.0,lab1
-100.0,-55.0,-100.0,-74.0,-100.0,-100.0,-100.0,-61.0,-100.0,lab1
-100.0,-63.0,-100.0,-100.0,-100.0,-100.0,-100.0,-63.0,-100.0,lab1
-100.0,-59.0,-100.0,-100.0,-75.0,-100.0,-100.0,-69.0,-100.0,lab1
-100.0,-61.0,-100.0,-100.0,-73.0,-100.0,-100.0,-63.0,-100.0,lab1
-100.0,-58.0,-100.0,-100.0,-100.0,-100.0,-100.0,-65.0,-81.0,lab1
-100.0,-60.0,-100.0,-100.0,-100.0,-100.0,-85.0,-67.0,-100.0,lab1
-100.0,-51.0,-100.0,-100.0,-100.0,-100.0,-100.0,-67.0,-79.0,lab1
-100.0,-52.0,-100.0,-100.0,-100.0,-100.0,-100.0,-64.0,-100.0,lab1
-81.0,-62.0,-100.0,-100.0,-100.0,-100.0,-100.0,-62.0,-100.0,lab1
-100.0,-60.0,-100.0,-70.0,-100.0,-100.0,-100.0,-68.0,-100.0,lab1
-78.0,-54.0,-100.0,-74.0,-100.0,-100.0,-84.0,-66.0,-80.0,lab1
-100.0,-61.0,-100.0,-100.0,-100.0,-100.0,-82.0,-63.0,-100.0,lab1
-100.0,-62.0,-100.0,-100.0,-83.0,-100.0,-100.0,-60.0,-75.0,lab1
-78.0,-56.0,-100.0,-100.0,-100.0,-100.0,-100.0,-56.0,-100.0,lab1
-100.0,-55.0,-100.0,-100.0,-100.0,-100.0,-100.0,-65.0,-100.0,lab1
-100.0,-57.0,-100.0,-100.0,-100.0,-100.0,-100.0,-63.0,-100.0,lab1
-100.0,-55.0,-100.0,-100.0,-100.0,-100.0,-100.0,-67.0,-100.0,lab1
-100.0,-55.0,-100.0,-100.0,-100.0,-100.0,-100.0,-75.0,-100.0,lab1
-100.0,-58.0,-100.0,-100.0,-100.0,-100.0,-100.0,-69.0,-100.0,lab1
-100.0,-62.0,-100.0,-72.0,-100.0,-100.0,-100.0,-60.0,-100.0,lab1
-100.0,-61.0,-100.0,-100.0,-100.0,-100.0,-100.0,-56.0,-100.0,lab1
-100.0,-58.0,-100.0,-100.0,-79.0,-100.0,-100.0,-53.0,-100.0,lab1
-100.0,-60.0,-100.0,-100.0,-100.0,-100.0,-100.0,-63.0,-100.0,lab1
-100.0,-58.0,-100.0,-100.0,-100.0,-100.0,-100.0,-61.0,-100.0,lab1
-100.0,-52.0,-100.0,-76.0,-100.0,-100.0,-100.0,-58.0,-100.0,lab1
-100.0,-54.0,-100.0,-100.0,-79.0,-100.0,-83.0,-55.0,-100.0,lab1
-100.0,-84.0,-100.0,-100.0,-100.0,-67.0,-100.0,-100.0,-100.0,Modarg
-32.0,-82.0,-100.0,-100.0,-93.0,-66.0,-100.0,-100.0,-100.0,Modarg
-36.0,-100.0,-100.0,-100.0,-100.0,-73.0,-100.0,-100.0,-100.0,Modarg
-33.0,-84.0,-100.0,-100.0,-100.0,-71.0,-100.0,-100.0,-100.0,Modarg
-38.0,-83.0,-100.0,-100.0,-92.0,-75.0,-100.0,-100.0,-100.0,Modarg
-45.0,-82.0,-100.0,-100.0,-100.0,-71.0,-100.0,-100.0,-100.0,Modarg
-100.0,-79.0,-100.0,-100.0,-100.0,-67.0,-100.0,-100.0,-100.0,Modarg
-50.0,-81.0,-100.0,-100.0,-100.0,-70.0,-100.0,-100.0,-100.0,Modarg
-53.0,-100.0,-100.0,-100.0,-100.0,-72.0,-100.0,-100.0,-100.0,Modarg
-100.0,-80.0,-100.0,-100.0,-100.0,-78.0,-100.0,-100.0,-100.0,Modarg
-47.0,-100.0,-100.0,-100.0,-100.0,-82.0,-100.0,-100.0,-100.0,Modarg
-50.0,-85.0,-100.0,-100.0,-100.0,-79.0,-100.0,-100.0,-100.0,Modarg
-100.0,-84.0,-100.0,-100.0,-100.0,-82.0,-100.0,-100.0,-100.0,Modarg
-41.0,-86.0,-100.0,-100.0,-100.0,-72.0,-100.0,-100.0,-100.0,Modarg
-46.0,-84.0,-100.0,-100.0,-100.0,-73.0,-100.0,-100.0,-100.0,Modarg
-50.0,-89.0,-100.0,-100.0,-100.0,-76.0,-100.0,-100.0,-100.0,Modarg
-51.0,-87.0,-100.0,-100.0,-100.0,-76.0,-100.0,-100.0,-100.0,Modarg
-49.0,-83.0,-100.0,-100.0,-100.0,-83.0,-100.0,-100.0,-100.0,Modarg
-40.0,-83.0,-100.0,-100.0,-100.0,-74.0,-100.0,-100.0,-100.0,Modarg
-40.0,-86.0,-100.0,-100.0,-100.0,-78.0,-100.0,-100.0,-100.0,Modarg
-41.0,-86.0,-100.0,-100.0,-100.0,-76.0,-100.0,-100.0,-100.0,Modarg
-42.0,-84.0,-100.0,-100.0,-100.0,-85.0,-100.0,-100.0,-100.0,Modarg
-46.0,-92.0,-100.0,-100.0,-100.0,-80.0,-100.0,-100.0,-100.0,Modarg
-42.0,-85.0,-100.0,-100.0,-100.0,-79.0,-100.0,-100.0,-100.0,Modarg
-48.0,-88.0,-100.0,-100.0,-100.0,-77.0,-100.0,-100.0,-100.0,Modarg
-40.0,-87.0,-100.0,-100.0,-100.0,-86.0,-100.0,-100.0,-100.0,Modarg
-41.0,-87.0,-100.0,-100.0,-100.0,-81.0,-100.0,-100.0,-100.0,Modarg
-43.0,-82.0,-100.0,-100.0,-100.0,-77.0,-100.0,-100.0,-100.0,Modarg
-49.0,-85.0,-100.0,-100.0,-100.0,-75.0,-100.0,-100.0,-100.0,Modarg
-41.0,-88.0,-100.0,-100.0,-100.0,-85.0,-100.0,-100.0,-100.0,Modarg
-100.0,-86.0,-100.0,-100.0,-100.0,-82.0,-100.0,-100.0,-100.0,Modarg
-38.0,-100.0,-100.0,-100.0,-100.0,-74.0,-100.0,-100.0,-100.0,Modarg
-36.0,-83.0,-100.0,-100.0,-100.0,-82.0,-100.0,-100.0,-100.0,Modarg
-57.0,-85.0,-100.0,-100.0,-100.0,-69.0,-100.0,-100.0,-100.0,Modarg
-49.0,-85.0,-100.0,-100.0,-100.0,-71.0,-100.0,-100.0,-100.0,Modarg
-50.0,-83.0,-100.0,-100.0,-100.0,-82.0,-100.0,-100.0,-100.0,Modarg
-40.0,-90.0,-100.0,-100.0,-90.0,-71.0,-100.0,-100.0,-100.0,Modarg
-41.0,-83.0,-100.0,-100.0,-100.0,-72.0,-100.0,-100.0,-100.0,Modarg
-41.0,-78.0,-100.0,-100.0,-100.0,-70.0,-100.0,-100.0,-100.0,Modarg
-44.0,-87.0,-100.0,-100.0,-100.0,-74.0,-100.0,-100.0,-100.0,Modarg
-39.0,-84.0,-100.0,-100.0,-100.0,-71.0,-100.0,-100.0,-100.0,Modarg
-44.0,-88.0,-100.0,-100.0,-100.0,-75.0,-100.0,-100.0,-100.0,Modarg
-100.0,-87.0,-100.0,-100.0,-100.0,-75.0,-100.0,-100.0,-100.0,Modarg
-47.0,-90.0,-100.0,-100.0,-100.0,-76.0,-100.0,-100.0,-100.0,Modarg
-46.0,-90.0,-100.0,-100.0,-100.0,-72.0,-100.0,-100.0,-100.0,Modarg
-38.0,-86.0,-100.0,-100.0,-100.0,-75.0,-100.0,-100.0,-100.0,Modarg
-51.0,-100.0,-100.0,-100.0,-100.0,-73.0,-100.0,-100.0,-100.0,Modarg
-53.0,-92.0,-100.0,-100.0,-100.0,-76.0,-100.0,-100.0,-100.0,Modarg
-41.0,-91.0,-100.0,-100.0,-100.0,-74.0,-100.0,-100.0,-100.0,Modarg
-51.0,-87.0,-100.0,-100.0,-100.0,-75.0,-100.0,-100.0,-100.0,Modarg
-40.0,-100.0,-100.0,-100.0,-100.0,-75.0,-100.0,-100.0,-100.0,Modarg
-41.0,-92.0,-100.0,-100.0,-100.0,-75.0,-100.0,-100.0,-100.0,Modarg
-50.0,-83.0,-100.0,-100.0,-100.0,-74.0,-100.0,-100.0,-100.0,Modarg
-57.0,-86.0,-100.0,-100.0,-100.0,-73.0,-100.0,-100.0,-100.0,Modarg
-40.0,-89.0,-100.0,-100.0,-100.0,-76.0,-100.0,-100.0,-100.0,Modarg
-49.0,-91.0,-100.0,-100.0,-100.0,-73.0,-100.0,-100.0,-100.0,Modarg
-53.0,-83.0,-100.0,-100.0,-100.0,-74.0,-100.0,-100.0,-100.0,Modarg
-40.0,-76.0,-100.0,-100.0,-100.0,-72.0,-100.0,-100.0,-100.0,Modarg
-42.0,-82.0,-100.0,-100.0,-100.0,-78.0,-100.0,-100.0,-100.0,Modarg
-100.0,-82.0,-100.0,-100.0,-100.0,-77.0,-100.0,-100.0,-100.0,Modarg
-49.0,-85.0,-100.0,-100.0,-100.0,-71.0,-100.0,-100.0,-100.0,Modarg
-55.0,-100.0,-100.0,-100.0,-100.0,-83.0,-100.0,-100.0,-100.0,Modarg
-100.0,-100.0,-100.0,-100.0,-100.0,-72.0,-100.0,-100.0,-100.0,Modarg
-59.0,-88.0,-100.0,-100.0,-100.0,-73.0,-100.0,-100.0,-100.0,Modarg
-65.0,-89.0,-100.0,-100.0,-100.0,-73.0,-100.0,-100.0,-100.0,Modarg
-100.0,-89.0,-100.0,-100.0,-100.0,-72.0,-100.0,-100.0,-100.0,Modarg
-52.0,-100.0,-100.0,-100.0,-100.0,-72.0,-100.0,-100.0,-100.0,Modarg
-51.0,-88.0,-100.0,-100.0,-100.0,-72.0,-100.0,-100.0,-100.0,Modarg
-51.0,-88.0,-100.0,-100.0,-100.0,-72.0,-100.0,-100.0,-100.0,Modarg
-100.0,-88.0,-100.0,-100.0,-100.0,-72.0,-100.0,-100.0,-100.0,Modarg
-55.0,-91.0,-100.0,-100.0,-100.0,-73.0,-100.0,-100.0,-100.0,Modarg
-53.0,-100.0,-100.0,-100.0,-100.0,-72.0,-100.0,-100.0,-100.0,Modarg
-53.0,-88.0,-100.0,-100.0,-100.0,-72.0,-100.0,-100.0,-100.0,Modarg
-53.0,-91.0,-100.0,-100.0,-100.0,-74.0,-100.0,-100.0,-100.0,Modarg
-55.0,-86.0,-100.0,-100.0,-100.0,-71.0,-100.0,-100.0,-100.0,Modarg
-100.0,-91.0,-100.0,-100.0,-100.0,-72.0,-100.0,-100.0,-100.0,Modarg
-54.0,-100.0,-100.0,-100.0,-100.0,-74.0,-100.0,-100.0,-100.0,Modarg
-55.0,-100.0,-100.0,-100.0,-100.0,-74.0,-100.0,-100.0,-100.0,Modarg
-51.0,-88.0,-100.0,-100.0,-100.0,-79.0,-100.0,-100.0,-100.0,Modarg
-56.0,-100.0,-100.0,-100.0,-100.0,-71.0,-100.0,-100.0,-100.0,Modarg
-59.0,-86.0,-100.0,-100.0,-100.0,-76.0,-100.0,-100.0,-100.0,Modarg
-100.0,-100.0,-100.0,-100.0,-100.0,-77.0,-100.0,-100.0,-100.0,Modarg
-59.0,-100.0,-100.0,-100.0,-100.0,-73.0,-100.0,-100.0,-100.0,Modarg
-57.0,-100.0,-100.0,-100.0,-100.0,-74.0,-100.0,-100.0,-100.0,Modarg
-100.0,-87.0,-100.0,-100.0,-100.0,-75.0,-100.0,-100.0,-100.0,Modarg
-51.0,-85.0,-100.0,-100.0,-100.0,-73.0,-100.0,-100.0,-100.0,Modarg
-41.0,-81.0,-100.0,-100.0,-100.0,-65.0,-100.0,-100.0,-100.0,Modarg
-48.0,-86.0,-100.0,-100.0,-100.0,-69.0,-100.0,-100.0,-100.0,Modarg
-50.0,-85.0,-100.0,-100.0,-100.0,-73.0,-100.0,-100.0,-100.0,Modarg
-51.0,-88.0,-100.0,-100.0,-100.0,-65.0,-100.0,-100.0,-100.0,Modarg
-100.0,-100.0,-100.0,-100.0,-100.0,-68.0,-100.0,-100.0,-100.0,Modarg
-51.0,-87.0,-100.0,-100.0,-100.0,-68.0,-100.0,-100.0,-100.0,Modarg
-47.0,-87.0,-100.0,-100.0,-100.0,-68.0,-100.0,-100.0,-100.0,Modarg
-52.0,-86.0,-100.0,-100.0,-100.0,-69.0,-100.0,-100.0,-100.0,Modarg
-45.0,-100.0,-100.0,-100.0,-100.0,-73.0,-100.0,-100.0,-100.0,Modarg
-40.0,-100.0,-100.0,-100.0,-100.0,-68.0,-100.0,-100.0,-100.0,Modarg
-42.0,-85.0,-100.0,-100.0,-100.0,-71.0,-100.0,-100.0,-100.0,Modarg
-46.0,-91.0,-100.0,-100.0,-100.0,-73.0,-100.0,-100.0,-100.0,Modarg
-52.0,-86.0,-100.0,-100.0,-100.0,-67.0,-100.0,-100.0,-100.0,Modarg
-51.0,-100.0,-100.0,-100.0,-100.0,-69.0,-100.0,-100.0,-100.0,Modarg
-51.0,-88.0,-100.0,-100.0,-89.0,-67.0,-100.0,-100.0,-100.0,Modarg
-100.0,-88.0,-100.0,-100.0,-100.0,-67.0,-100.0,-100.0,-100.0,Modarg
-52.0,-100.0,-100.0,-100.0,-100.0,-68.0,-100.0,-100.0,-100.0,Modarg
-38.0,-86.0,-100.0,-100.0,-100.0,-68.0,-100.0,-100.0,-100.0,Modarg
-100.0,-86.0,-100.0,-100.0,-100.0,-74.0,-100.0,-100.0,-100.0,Modarg
-52.0,-83.0,-100.0,-100.0,-100.0,-73.0,-100.0,-100.0,-100.0,Modarg
-55.0,-86.0,-100.0,-100.0,-100.0,-75.0,-100.0,-100.0,-100.0,Modarg
-50.0,-84.0,-100.0,-100.0,-100.0,-71.0,-100.0,-100.0,-100.0,Modarg
-50.0,-86.0,-100.0,-100.0,-100.0,-70.0,-100.0,-100.0,-100.0,Modarg
-39.0,-100.0,-100.0,-100.0,-100.0,-68.0,-100.0,-100.0,-100.0,Modarg
-100.0,-88.0,-100.0,-100.0,-100.0,-75.0,-100.0,-100.0,-100.0,Modarg
-50.0,-86.0,-100.0,-100.0,-100.0,-77.0,-100.0,-100.0,-100.0,Modarg
-47.0,-87.0,-100.0,-100.0,-100.0,-72.0,-100.0,-100.0,-100.0,Modarg
-38.0,-86.0,-100.0,-100.0,-100.0,-68.0,-100.0,-100.0,-100.0,Modarg
-43.0,-100.0,-100.0,-100.0,-100.0,-76.0,-100.0,-100.0,-100.0,Modarg
-48.0,-83.0,-100.0,-100.0,-100.0,-67.0,-100.0,-100.0,-100.0,Modarg
-53.0,-78.0,-100.0,-100.0,-87.0,-71.0,-100.0,-100.0,-100.0,Modarg
-25.0,-75.0,-100.0,-100.0,-100.0,-76.0,-100.0,-100.0,-100.0,Modarg
-31.0,-85.0,-100.0,-100.0,-100.0,-74.0,-100.0,-100.0,-100.0,Modarg
-37.0,-84.0,-100.0,-100.0,-100.0,-74.0,-100.0,-100.0,-100.0,Modarg
-36.0,-76.0,-100.0,-100.0,-100.0,-73.0,-100.0,-100.0,-100.0,Modarg
-20.0,-100.0,-100.0,-100.0,-100.0,-100.0,-100.0,-100.0,-100.0,Modarg
-28.0,-82.0,-100.0,-100.0,-100.0,-71.0,-100.0,-100.0,-100.0,Modarg
-29.0,-79.0,-100.0,-100.0,-100.0,-72.0,-100.0,-100.0,-100.0,Modarg
-34.0,-85.0,-100.0,-100.0,-100.0,-71.0,-100.0,-100.0,-100.0,Modarg
-32.0,-82.0,-100.0,-100.0,-100.0,-66.0,-100.0,-100.0,-100.0,Modarg
-31.0,-82.0,-100.0,-100.0,-100.0,-68.0,-100.0,-100.0,-100.0,Modarg
-30.0,-85.0,-100.0,-100.0,-100.0,-69.0,-100.0,-100.0,-100.0,Modarg
-36.0,-82.0,-100.0,-100.0,-100.0,-68.0,-100.0,-100.0,-100.0,Modarg
-36.0,-82.0,-100.0,-100.0,-100.0,-83.0,-100.0,-100.0,-100.0,Modarg
-35.0,-78.0,-100.0,-100.0,-100.0,-78.0,-100.0,-100.0,-100.0,Modarg
-46.0,-82.0,-100.0,-100.0,-88.0,-78.0,-100.0,-100.0,-100.0,Modarg
-33.0,-85.0,-100.0,-100.0,-100.0,-77.0,-100.0,-100.0,-100.0,Modarg
-33.0,-79.0,-100.0,-100.0,-100.0,-75.0,-100.0,-100.0,-100.0,Modarg
-33.0,-78.0,-100.0,-100.0,-100.0,-76.0,-100.0,-100.0,-100.0,Modarg
-36.0,-80.0,-100.0,-100.0,-100.0,-76.0,-100.0,-100.0,-100.0,Modarg
-37.0,-82.0,-100.0,-100.0,-100.0,-76.0,-100.0,-100.0,-100.0,Modarg
-35.0,-83.0,-100.0,-100.0,-100.0,-73.0,-100.0,-100.0,-100.0,Modarg
-33.0,-78.0,-100.0,-100.0,-100.0,-76.0,-100.0,-100.0,-100.0,Modarg
-31.0,-78.0,-100.0,-100.0,-100.0,-76.0,-100.0,-100.0,-100.0,Modarg
-32.0,-82.0,-100.0,-100.0,-100.0,-77.0,-100.0,-100.0,-100.0,Modarg
-34.0,-84.0,-100.0,-100.0,-100.0,-74.0,-100.0,-100.0,-100.0,Modarg
-34.0,-100.0,-100.0,-100.0,-100.0,-80.0,-100.0,-100.0,-100.0,Modarg
-33.0,-80.0,-100.0,-100.0,-100.0,-76.0,-100.0,-100.0,-100.0,Modarg
-31.0,-82.0,-100.0,-100.0,-88.0,-76.0,-100.0,-100.0,-100.0,Modarg
-34.0,-86.0,-100.0,-100.0,-100.0,-74.0,-100.0,-100.0,-100.0,Modarg
-36.0,-78.0,-100.0,-100.0,-100.0,-80.0,-100.0,-100.0,-100.0,Modarg
-32.0,-79.0,-100.0,-100.0,-100.0,-84.0,-100.0,-100.0,-100.0,Modarg
-33.0,-78.0,-100.0,-100.0,-100.0,-84.0,-100.0,-100.0,-100.0,Modarg
-34.0,-79.0,-100.0,-100.0,-100.0,-80.0,-100.0,-100.0,-100.0,Modarg
